{
    "rmse": 0.7255742381950262,
    "mae": 0.5614902434543442,
    "r2": 0.24058749158244463
}