{
    "rmse": 0.675956267745329,
    "mae": 0.5394303267841033,
    "r2": 0.28804195254692855
}